source,dest
https://experienceleague.adobe.com/docs/journey-optimizer/using/cjm-home.html,https://experienceleague.adobe.com/docs/journey-optimizer/using/ajo-home.html
https://experienceleague.adobe.com/docs/customer-journey-management/using/cjm-home.html,https://experienceleague.adobe.com/docs/journey-optimizer/using/ajo-home.html
https://experienceleague.adobe.com/docs/journey-optimizer/using/offer-decisioniong/managing-offers-in-the-offer-library/creating-placements.html,https://experienceleague.adobe.com/docs/journey-optimizer/using/offer-decisioniong/create-components/creating-placements.html
https://experienceleague.adobe.com/docs/journey-optimizer/using/offer-decisioniong/managing-offers-in-the-offer-library/creating-decision-rules.html,https://experienceleague.adobe.com/docs/journey-optimizer/using/offer-decisioniong/create-components/creating-decision-rules.html
https://experienceleague.adobe.com/docs/journey-optimizer/using/offer-decisioniong/managing-offers-in-the-offer-library/creating-tags.html,https://experienceleague.adobe.com/docs/journey-optimizer/using/offer-decisioniong/create-components/creating-tags.html
https://experienceleague.adobe.com/docs/journey-optimizer/using/offer-decisioniong/managing-offers-in-the-offer-library/create-ranking-formulas.html,https://experienceleague.adobe.com/docs/journey-optimizer/using/offer-decisioniong/create-components/create-ranking-formulas.html
https://experienceleague.adobe.com/docs/journey-optimizer/using/create-messages/personalization/personalize.html,https://experienceleague.adobe.com/docs/journey-optimizer/using/personalization/personalize.html
https://experienceleague.adobe.com/docs/journey-optimizer/using/create-messages/personalization/personalization-syntax.html,https://experienceleague.adobe.com/docs/journey-optimizer/using/personalization/personalization-syntax.html
https://experienceleague.adobe.com/docs/journey-optimizer/using/create-messages/personalization/personalization-validation.html,https://experienceleague.adobe.com/docs/journey-optimizer/using/personalization/personalization-validation.html
https://experienceleague.adobe.com/docs/journey-optimizer/using/create-messages/personalization/personalization-use-case.html,https://experienceleague.adobe.com/docs/journey-optimizer/using/personalization/personalization-use-case.html
https://experienceleague.adobe.com/docs/journey-optimizer/using/create-messages/personalization/functions/aggregation.html,https://experienceleague.adobe.com/docs/journey-optimizer/using/personalization/functions/aggregation.html
https://experienceleague.adobe.com/docs/journey-optimizer/using/create-messages/personalization/functions/arithmetic-functions.html,https://experienceleague.adobe.com/docs/journey-optimizer/using/personalization/functions/arithmetic-functions.html
https://experienceleague.adobe.com/docs/journey-optimizer/using/create-messages/personalization/functions/arrays-list.html,https://experienceleague.adobe.com/docs/journey-optimizer/using/personalization/functions/arrays-list.html
https://experienceleague.adobe.com/docs/journey-optimizer/using/create-messages/personalization/functions/operators.html,https://experienceleague.adobe.com/docs/journey-optimizer/using/personalization/functions/operators.html
https://experienceleague.adobe.com/docs/journey-optimizer/using/create-messages/personalization/functions/helpers.html,https://experienceleague.adobe.com/docs/journey-optimizer/using/personalization/functions/helpers.html
https://experienceleague.adobe.com/docs/journey-optimizer/using/create-messages/personalization/functions/maps.html,https://experienceleague.adobe.com/docs/journey-optimizer/using/personalization/functions/maps.html
https://experienceleague.adobe.com/docs/journey-optimizer/using/create-messages/personalization/functions/objects.html,https://experienceleague.adobe.com/docs/journey-optimizer/using/personalization/functions/objects.html
https://experienceleague.adobe.com/docs/journey-optimizer/using/create-messages/personalization/functions/string.html,https://experienceleague.adobe.com/docs/journey-optimizer/using/personalization/functions/string.html
https://experienceleague.adobe.com/docs/journey-optimizer/using/create-messages/deliver-personalized-offers.html,https://experienceleague.adobe.com/docs/journey-optimizer/using/personalization/deliver-personalized-offers.html
https://experienceleague.adobe.com/docs/journey-optimizer/using/documentation-updates.html,https://experienceleague.adobe.com/docs/journey-optimizer/using/whats-new/documentation-updates.html
https://experienceleague.adobe.com/docs/journey-optimizer/using/get-started/quick-start.html,https://experienceleague.adobe.com/docs/journey-optimizer/using/get-started/get-started.html
https://experienceleague.adobe.com/docs/journey-optimizer/using/get-started/configuration/push-config/push-gs.html,https://experienceleague.adobe.com/docs/journey-optimizer/using/configuration/configuration-message/push-config/push-gs.html
https://experienceleague.adobe.com/docs/journey-optimizer/using/get-started/configuration/push-config/push-configuration.html,https://experienceleague.adobe.com/docs/journey-optimizer/using/configuration/configuration-message/push-config/push-configuration.html
https://experienceleague.adobe.com/docs/journey-optimizer/using/administration/ootb-product-profiles.html,https://experienceleague.adobe.com/docs/journey-optimizer/using/access-control/privacy/ootb-product-profiles.html
https://experienceleague.adobe.com/docs/journey-optimizer/using/administration/permissions-overview.html,https://experienceleague.adobe.com/docs/journey-optimizer/using/access-control/permissions-overview.html
https://experienceleague.adobe.com/docs/journey-optimizer/using/administration/permissions.html,https://experienceleague.adobe.com/docs/journey-optimizer/using/access-control/permissions.html
https://experienceleague.adobe.com/docs/journey-optimizer/using/administration/high-low-permissions.html,https://experienceleague.adobe.com/docs/journey-optimizer/using/access-control/high-low-permissions.html
https://experienceleague.adobe.com/docs/journey-optimizer/using/administration/sandboxes.html,https://experienceleague.adobe.com/docs/journey-optimizer/using/access-control/sandboxes.html
https://experienceleague.adobe.com/docs/journey-optimizer/using/personalization/functions/functions.html,https://experienceleague.adobe.com/docs/journey-optimizer/using/personalization/build-expressions/functions/functions.html
https://experienceleague.adobe.com/docs/journey-optimizer/using/offer-decisioniong/get-started/offers-e2e.html,https://experienceleague.adobe.com/docs/journey-optimizer/using/offer-decisioniong/get-started-decision/offers-e2e.html
https://experienceleague.adobe.com/docs/journey-optimizer/using/offer-decisioniong/get-started/starting-offer-decisioning.html,https://experienceleague.adobe.com/docs/journey-optimizer/using/offer-decisioniong/get-started-decision/starting-offer-decisioning.html
https://experienceleague.adobe.com/docs/journey-optimizer/using/create-messages/get-started-content.html,https://experienceleague.adobe.com/docs/journey-optimizer/using/messages/get-started-content.html
https://experienceleague.adobe.com/docs/journey-optimizer/using/create-messages/create-message/create-message.html,https://experienceleague.adobe.com/docs/journey-optimizer/using/messages/create-message/create-message.html
https://experienceleague.adobe.com/docs/journey-optimizer/using/get-started/get-started-configuration.html,https://experienceleague.adobe.com/docs/journey-optimizer/using/configuration/get-started-configuration.html
https://experienceleague.adobe.com/docs/journey-optimizer/using/get-started/configuration/email-config/delegate-subdomains/ptr-records.html,https://experienceleague.adobe.com/docs/journey-optimizer/using/configuration/configuration-message/email-configuration/delegate-subdomains/ptr-records.html
https://experienceleague.adobe.com/docs/journey-optimizer/using/get-started/configuration/email-config/delegate-subdomains/delegate-subdomain.html,https://experienceleague.adobe.com/docs/journey-optimizer/using/configuration/configuration-message/email-configuration/delegate-subdomains/delegate-subdomain.html
https://experienceleague.adobe.com/docs/journey-optimizer/using/get-started/configuration/email-config/delegate-subdomains/about-subdomain-delegation.html,https://experienceleague.adobe.com/docs/journey-optimizer/using/configuration/configuration-message/email-configuration/delegate-subdomains/delegate-subdomain.html
https://experienceleague.adobe.com/docs/journey-optimizer/using/create-messages/email-designer/create-email-content.html,https://experienceleague.adobe.com/docs/journey-optimizer/using/messages/email-designer/create-email-content.html
https://experienceleague.adobe.com/docs/journey-optimizer/using/create-messages/create-message/create-email.html,https://experienceleague.adobe.com/docs/journey-optimizer/using/messages/create-message/create-email.html
https://experienceleague.adobe.com/docs/journey-optimizer/using/create-messages/email-designer/design-emails.html,https://experienceleague.adobe.com/docs/journey-optimizer/using/messages/email-designer/design-emails.html
https://experienceleague.adobe.com/docs/journey-optimizer/using/offer-decisioniong/create-components/create-ranking-strategies.html,https://experienceleague.adobe.com/docs/journey-optimizer/using/offer-decisioniong/create-components/create-ai-ranking-models/create-ranking-strategies.html
https://experienceleague.adobe.com/docs/journey-optimizer/using/offer-decisioniong/managing-offers-in-the-offer-library/creating-personalized-offers.html,https://experienceleague-adobe.com/docs/journey-optimizer/using/offer-decisioniong/managing-offers-in-the-offer-library/configure-offers/creating-personalized-offers.html
https://experienceleague.adobe.com/docs/journey-optimizer/using/messages/create-message/create-message.html,https://experienceleague.adobe.com/docs/journey-optimizer/using/messages/get-started-content.html
https://experienceleague.adobe.com/docs/journey-optimizer/using/messages/assets-essentials.html,https://experienceleague.adobe.com/docs/journey-optimizer/using/design/manage-asset/assets-essentials.html
https://experienceleague.adobe.com/docs/journey-optimizer/using/messages/deliver-personalized-offers.html,https://experienceleague.adobe.com/docs/journey-optimizer/using/design/deliver-personalized-offers.html
https://experienceleague.adobe.com/docs/journey-optimizer/using/messages/email-designer/design-emails.html,https://experienceleague.adobe.com/docs/journey-optimizer/using/design/design-emails.html
https://experienceleague.adobe.com/docs/journey-optimizer/using/messages/email-designer/create-email-content.html,https://experienceleague.adobe.com/docs/journey-optimizer/using/design/create-email-content.html
https://experienceleague.adobe.com/docs/journey-optimizer/using/messages/email-designer/existing-content.html,https://experienceleague.adobe.com/docs/journey-optimizer/using/design/existing-content.html
https://experienceleague.adobe.com/docs/journey-optimizer/using/messages/email-designer/content-components.html,https://experienceleague.adobe.com/docs/journey-optimizer/using/design/design-content/content-components.html
https://experienceleague.adobe.com/docs/journey-optimizer/using/messages/message-tracking.html,https://experienceleague.adobe.com/docs/journey-optimizer/using/design/message-tracking.html
https://experienceleague.adobe.com/docs/journey-optimizer/using/messages/validate/preview.html,https://experienceleague.adobe.com/docs/journey-optimizer/using/design/preview.html
https://experienceleague.adobe.com/docs/journey-optimizer/using/landing-pages/lp-reporting/lp-report.html,https://experienceleague.adobe.com/docs/journey-optimizer/using/reporting/live-report/lp-report-live.html
https://experienceleague.adobe.com/docs/journey-optimizer/using/landing-pages/lp-reporting/subscription-report.html,https://experienceleague.adobe.com/docs/journey-optimizer/using/reporting/live-report/subscription-report-live.html
https://experienceleague.adobe.com/docs/journey-optimizer/using/offer-decisioniong/api-reference/offer-delivery/deliver-offers.html,https://experienceleague.adobe.com/docs/journey-optimizer/using/offer-decisioniong/api-reference/offer-delivery-api/decisioning-api.html
https://experienceleague.adobe.com/docs/journey-optimizer/using/offer-decisioniong/api-reference/offer-delivery/deliver-offers-batch.html,https://experienceleague.adobe.com/docs/journey-optimizer/using/offer-decisioniong/api-reference/offer-delivery-api/batch-decisioning-api.html
https://experienceleague.adobe.com/docs/journey-optimizer/using/offer-decisioniong/api-reference/offer-delivery/web-sdk.html,https://experienceleague.adobe.com/docs/journey-optimizer/using/offer-decisioniong/api-reference/offer-delivery-api/edge-decisioning-api.html
https://experienceleague.adobe.com/docs/journey-optimizer/using/offer-decisioniong/api-reference/offer-delivery/decisioning-vs-edge-apis.html,https://experienceleague.adobe.com/docs/journey-optimizer/using/offer-decisioniong/api-reference/offer-delivery-api/decisioning-vs-edge-apis.html
https://experienceleague.adobe.com/docs/journey-optimizer/using/offer-decisioniong/api-reference/offer-delivery/batch-decisioning-api.html,https://experienceleague.adobe.com/docs/journey-optimizer/using/offer-decisioniong/api-reference/offer-delivery-api/batch-decisioning-api.html
https://experienceleague.adobe.com/docs/journey-optimizer/using/configuration/configuration-message/email-configuration/delegate-subdomains/google-txt.html,https://experienceleague.adobe.com/docs/journey-optimizer/using/configuration/configuration-message/email-configuration/subdomain-related-actions/google-txt.html
https://experienceleague.adobe.com/docs/journey-optimizer/using/configuration/configuration-message/email-configuration/delegate-subdomains/ptr-records.html,https://experienceleague.adobe.com/docs/journey-optimizer/using/configuration/configuration-message/email-configuration/subdomain-related-actions/ptr-records.html
https://experienceleague.adobe.com/docs/journey-optimizer/using/configuration/configuration-message/email-configuration/ip-pools.html,https://experienceleague.adobe.com/docs/journey-optimizer/using/configuration/configuration-message/email-configuration/subdomain-related-actions/ip-pools.html
https://experienceleague.adobe.com/docs/journey-optimizer/using/configuration/lp-configuration.html,https://experienceleague.adobe.com/docs/journey-optimizer/using/configuration/lp-configuration/lp-subdomains.html
https://experienceleague.adobe.com/docs/journey-optimizer/using/get-started/configuration/email-config/ip-pools.html,https://experienceleague.adobe.com/docs/journey-optimizer/using/configuration/configuration-message/email-configuration/subdomain-related-actions/ip-pools.html
https://experienceleague.adobe.com/docs/journey-optimizer/using/get-started/configuration/email-config/google-txt.html,https://experienceleague.adobe.com/docs/journey-optimizer/using/configuration/configuration-message/email-configuration/subdomain-related-actions/google-txt.html
https://experienceleague.adobe.com/docs/journey-optimizer/using/get-started/configuration/email-config/ptr-records.html,https://experienceleague.adobe.com/docs/journey-optimizer/using/configuration/configuration-message/email-configuration/subdomain-related-actions/ptr-records.html
https://experienceleague.adobe.com/docs/journey-optimizer/using/offer-decisioniong/create-components/create-ai-ranking-models/create-ranking-strategies.html,https://experienceleague.adobe.com/docs/journey-optimizer/using/offer-decisioniong/rankings/ai-models/configure-ai-model/create-ranking-strategies.html
https://experienceleague.adobe.com/docs/journey-optimizer/using/offer-decisioniong/create-components/create-ai-ranking-models/ai-ranking.html,https://experienceleague.adobe.com/docs/journey-optimizer/using/offer-decisioniong/rankings/ai-models/ai-models.html
https://experienceleague.adobe.com/docs/journey-optimizer/using/get-started/limitations.html,https://experienceleague.adobe.com/docs/journey-optimizer/using/get-started/guardrails.html
https://experienceleague.adobe.com/docs/journey-optimizer/using/orchestrate-journeys/about-journeys/creating-test-profiles.html,https://experienceleague.adobe.com/docs/journey-optimizer/using/segment/profiles/creating-test-profiles.html
https://experienceleague.adobe.com/docs/journey-optimizer/using/segment/licence-usage.html,https://experienceleague.adobe.com/docs/journey-optimizer/using/segment/license-usage.html
https://experienceleague.adobe.com/docs/journey-optimizer/using/reporting/deliverability/allow-list.html,https://experienceleague.adobe.com/docs/journey-optimizer/using/configuration/configuration-message/email-configuration/monitor-reputation/allow-list.html
https://experienceleague.adobe.com/docs/journey-optimizer/using/reporting/audit-logs.html,https://experienceleague.adobe.com/docs/journey-optimizer/using/privacy/audit-logs.html
https://experienceleague.adobe.com/docs/journey-optimizer/using/offer-decisioniong/get-started/key-steps.html,https://experienceleague.adobe.com/docs/journey-optimizer/using/offer-decisioniong/get-started-decision/key-steps.html
https://experienceleague.adobe.com/docs/journey-optimizer/using/offer-decisioniong/get-started/user-interface.html,https://experienceleague.adobe.com/docs/journey-optimizer/using/offer-decisioniong/get-started-decision/user-interface.html
https://experienceleague.adobe.com/docs/journey-optimizer/using/offer-decisioniong/api-reference/activities-api/list.html,https://experienceleague.adobe.com/docs/journey-optimizer/using/offer-decisioniong/api-reference/activities-api/activities-list.html
https://experienceleague.adobe.com/docs/journey-optimizer/using/offer-decisioniong/api-reference/offers-api/personalized-offers/list.html,https://experienceleague.adobe.com/docs/journey-optimizer/using/offer-decisioniong/api-reference/offers-api/personalized-offers/offers-list.html
https://experienceleague.adobe.com/docs/journey-optimizer/using/offer-decisioniong/get-started-decision/starting-offer-decisioning.html,https://experienceleague.adobe.com/docs/journey-optimizer/using/offer-decisioning/get-started-decision/starting-offer-decisioning.html
https://experienceleague.adobe.com/docs/journey-optimizer/using/offer-decisioniong/get-started-decision/user-interface.html,https://experienceleague.adobe.com/docs/journey-optimizer/using/offer-decisioning/get-started-decision/user-interface.html
https://experienceleague.adobe.com/docs/journey-optimizer/using/offer-decisioniong/get-started-decision/key-steps.html,https://experienceleague.adobe.com/docs/journey-optimizer/using/offer-decisioning/get-started-decision/key-steps.html
https://experienceleague.adobe.com/docs/journey-optimizer/using/offer-decisioniong/get-started-decision/offers-e2e.html,https://experienceleague.adobe.com/docs/journey-optimizer/using/offer-decisioning/get-started-decision/offers-e2e.html
https://experienceleague.adobe.com/docs/journey-optimizer/using/offer-decisioniong/create-components/creating-placements.html,https://experienceleague.adobe.com/docs/journey-optimizer/using/offer-decisioning/create-components/creating-placements.html
https://experienceleague.adobe.com/docs/journey-optimizer/using/offer-decisioniong/create-components/creating-decision-rules.html,https://experienceleague.adobe.com/docs/journey-optimizer/using/offer-decisioning/create-components/creating-decision-rules.html
https://experienceleague.adobe.com/docs/journey-optimizer/using/offer-decisioniong/create-components/creating-tags.html,https://experienceleague.adobe.com/docs/journey-optimizer/using/offer-decisioning/create-components/creating-tags.html
https://experienceleague.adobe.com/docs/journey-optimizer/using/offer-decisioniong/rankings/get-started-rankings.html,https://experienceleague.adobe.com/docs/journey-optimizer/using/offer-decisioning/rankings/get-started-rankings.html
https://experienceleague.adobe.com/docs/journey-optimizer/using/offer-decisioniong/rankings/create-ranking-formulas.html,https://experienceleague.adobe.com/docs/journey-optimizer/using/offer-decisioning/rankings/create-ranking-formulas.html
https://experienceleague.adobe.com/docs/journey-optimizer/using/offer-decisioniong/rankings/ai-models/ai-models.html,https://experienceleague.adobe.com/docs/journey-optimizer/using/offer-decisioning/rankings/ai-models/ai-models.html
https://experienceleague.adobe.com/docs/journey-optimizer/using/offer-decisioniong/rankings/ai-models/auto-optimization-model.html,https://experienceleague.adobe.com/docs/journey-optimizer/using/offer-decisioning/rankings/ai-models/auto-optimization-model.html
https://experienceleague.adobe.com/docs/journey-optimizer/using/offer-decisioniong/rankings/ai-models/configure-ai-model/create-dataset.html,https://experienceleague.adobe.com/docs/journey-optimizer/using/offer-decisioning/rankings/ai-models/configure-ai-model/create-dataset.html
https://experienceleague.adobe.com/docs/journey-optimizer/using/offer-decisioniong/rankings/ai-models/configure-ai-model/create-ranking-strategies.html,https://experienceleague.adobe.com/docs/journey-optimizer/using/offer-decisioning/rankings/ai-models/configure-ai-model/create-ranking-strategies.html
https://experienceleague.adobe.com/docs/journey-optimizer/using/offer-decisioniong/rankings/ai-models/configure-ai-model/schema-requirement.html,https://experienceleague.adobe.com/docs/journey-optimizer/using/offer-decisioning/rankings/ai-models/configure-ai-model/schema-requirement.html
https://experienceleague.adobe.com/docs/journey-optimizer/using/offer-decisioniong/managing-offers-in-the-offer-library/configure-offers/creating-personalized-offers.html,https://experienceleague.adobe.com/docs/journey-optimizer/using/offer-decisioning/managing-offers-in-the-offer-library/configure-offers/creating-personalized-offers.html
https://experienceleague.adobe.com/docs/journey-optimizer/using/offer-decisioniong/managing-offers-in-the-offer-library/configure-offers/add-representations.html,https://experienceleague.adobe.com/docs/journey-optimizer/using/offer-decisioning/managing-offers-in-the-offer-library/configure-offers/add-representations.html
https://experienceleague.adobe.com/docs/journey-optimizer/using/offer-decisioniong/managing-offers-in-the-offer-library/configure-offers/add-constraints.html,https://experienceleague.adobe.com/docs/journey-optimizer/using/offer-decisioning/managing-offers-in-the-offer-library/configure-offers/add-constraints.html
https://experienceleague.adobe.com/docs/journey-optimizer/using/offer-decisioniong/managing-offers-in-the-offer-library/creating-fallback-offers.html,https://experienceleague.adobe.com/docs/journey-optimizer/using/offer-decisioning/managing-offers-in-the-offer-library/creating-fallback-offers.html
https://experienceleague.adobe.com/docs/journey-optimizer/using/offer-decisioniong/managing-offers-in-the-offer-library/creating-collections.html,https://experienceleague.adobe.com/docs/journey-optimizer/using/offer-decisioning/managing-offers-in-the-offer-library/creating-collections.html
https://experienceleague.adobe.com/docs/journey-optimizer/using/offer-decisioniong/create-manage-activities/create-offer-activities.html,https://experienceleague.adobe.com/docs/journey-optimizer/using/offer-decisioning/create-manage-activities/create-offer-activities.html
https://experienceleague.adobe.com/docs/journey-optimizer/using/offer-decisioniong/create-manage-activities/configure-offer-selection.html,https://experienceleague.adobe.com/docs/journey-optimizer/using/offer-decisioning/create-manage-activities/configure-offer-selection.html
https://experienceleague.adobe.com/docs/journey-optimizer/using/offer-decisioniong/create-manage-activities/simulation.html,https://experienceleague.adobe.com/docs/journey-optimizer/using/offer-decisioning/create-manage-activities/simulation.html
https://experienceleague.adobe.com/docs/journey-optimizer/using/offer-decisioniong/create-reports/get-started-events.html,https://experienceleague.adobe.com/docs/journey-optimizer/using/offer-decisioning/create-reports/get-started-events.html
https://experienceleague.adobe.com/docs/journey-optimizer/using/offer-decisioniong/create-reports/xdm-fields.html,https://experienceleague.adobe.com/docs/journey-optimizer/using/offer-decisioning/create-reports/xdm-fields.html
https://experienceleague.adobe.com/docs/journey-optimizer/using/offer-decisioniong/export-catalog/get-started-export.html,https://experienceleague.adobe.com/docs/journey-optimizer/using/offer-decisioning/export-catalog/get-started-export.html
https://experienceleague.adobe.com/docs/journey-optimizer/using/offer-decisioniong/export-catalog/access-dataset.html,https://experienceleague.adobe.com/docs/journey-optimizer/using/offer-decisioning/export-catalog/access-dataset.html
https://experienceleague.adobe.com/docs/journey-optimizer/using/offer-decisioniong/export-catalog/export-offers.html,https://experienceleague.adobe.com/docs/journey-optimizer/using/offer-decisioning/export-catalog/export-offers.html
https://experienceleague.adobe.com/docs/journey-optimizer/using/offer-decisioniong/export-catalog/export-decisions.html,https://experienceleague.adobe.com/docs/journey-optimizer/using/offer-decisioning/export-catalog/export-decisions.html
https://experienceleague.adobe.com/docs/journey-optimizer/using/offer-decisioniong/export-catalog/export-placements.html,https://experienceleague.adobe.com/docs/journey-optimizer/using/offer-decisioning/export-catalog/export-placements.html
https://experienceleague.adobe.com/docs/journey-optimizer/using/offer-decisioniong/export-catalog/export-fallback.html,https://experienceleague.adobe.com/docs/journey-optimizer/using/offer-decisioning/export-catalog/export-fallback.html
https://experienceleague.adobe.com/docs/journey-optimizer/using/offer-decisioniong/api-reference/getting-started.html,https://experienceleague.adobe.com/docs/journey-optimizer/using/offer-decisioning/api-reference/getting-started.html
https://experienceleague.adobe.com/docs/journey-optimizer/using/offer-decisioniong/api-reference/offers-api/placements/placements-list.html,https://experienceleague.adobe.com/docs/journey-optimizer/using/offer-decisioning/api-reference/offers-api/placements/placements-list.html
https://experienceleague.adobe.com/docs/journey-optimizer/using/offer-decisioniong/api-reference/offers-api/placements/lookup.html,https://experienceleague.adobe.com/docs/journey-optimizer/using/offer-decisioning/api-reference/offers-api/placements/lookup.html
https://experienceleague.adobe.com/docs/journey-optimizer/using/offer-decisioniong/api-reference/offers-api/placements/create.html,https://experienceleague.adobe.com/docs/journey-optimizer/using/offer-decisioning/api-reference/offers-api/placements/create.html
https://experienceleague.adobe.com/docs/journey-optimizer/using/offer-decisioniong/api-reference/offers-api/placements/update.html,https://experienceleague.adobe.com/docs/journey-optimizer/using/offer-decisioning/api-reference/offers-api/placements/update.html
https://experienceleague.adobe.com/docs/journey-optimizer/using/offer-decisioniong/api-reference/offers-api/placements/delete.html,https://experienceleague.adobe.com/docs/journey-optimizer/using/offer-decisioning/api-reference/offers-api/placements/delete.html
https://experienceleague.adobe.com/docs/journey-optimizer/using/offer-decisioniong/api-reference/offers-api/decision-rules/rules-list.html,https://experienceleague.adobe.com/docs/journey-optimizer/using/offer-decisioning/api-reference/offers-api/decision-rules/rules-list.html
https://experienceleague.adobe.com/docs/journey-optimizer/using/offer-decisioniong/api-reference/offers-api/decision-rules/lookup.html,https://experienceleague.adobe.com/docs/journey-optimizer/using/offer-decisioning/api-reference/offers-api/decision-rules/lookup.html
https://experienceleague.adobe.com/docs/journey-optimizer/using/offer-decisioniong/api-reference/offers-api/decision-rules/create.html,https://experienceleague.adobe.com/docs/journey-optimizer/using/offer-decisioning/api-reference/offers-api/decision-rules/create.html
https://experienceleague.adobe.com/docs/journey-optimizer/using/offer-decisioniong/api-reference/offers-api/decision-rules/update.html,https://experienceleague.adobe.com/docs/journey-optimizer/using/offer-decisioning/api-reference/offers-api/decision-rules/update.html
https://experienceleague.adobe.com/docs/journey-optimizer/using/offer-decisioniong/api-reference/offers-api/decision-rules/delete.html,https://experienceleague.adobe.com/docs/journey-optimizer/using/offer-decisioning/api-reference/offers-api/decision-rules/delete.html
https://experienceleague.adobe.com/docs/journey-optimizer/using/offer-decisioniong/api-reference/offers-api/tags/tags-list.html,https://experienceleague.adobe.com/docs/journey-optimizer/using/offer-decisioning/api-reference/offers-api/tags/tags-list.html
https://experienceleague.adobe.com/docs/journey-optimizer/using/offer-decisioniong/api-reference/offers-api/tags/lookup.html,https://experienceleague.adobe.com/docs/journey-optimizer/using/offer-decisioning/api-reference/offers-api/tags/lookup.html
https://experienceleague.adobe.com/docs/journey-optimizer/using/offer-decisioniong/api-reference/offers-api/tags/create.html,https://experienceleague.adobe.com/docs/journey-optimizer/using/offer-decisioning/api-reference/offers-api/tags/create.html
https://experienceleague.adobe.com/docs/journey-optimizer/using/offer-decisioniong/api-reference/offers-api/tags/update.html,https://experienceleague.adobe.com/docs/journey-optimizer/using/offer-decisioning/api-reference/offers-api/tags/update.html
https://experienceleague.adobe.com/docs/journey-optimizer/using/offer-decisioniong/api-reference/offers-api/tags/delete.html,https://experienceleague.adobe.com/docs/journey-optimizer/using/offer-decisioning/api-reference/offers-api/tags/delete.html
https://experienceleague.adobe.com/docs/journey-optimizer/using/offer-decisioniong/api-reference/offers-api/personalized-offers/offers-list.html,https://experienceleague.adobe.com/docs/journey-optimizer/using/offer-decisioning/api-reference/offers-api/personalized-offers/offers-list.html
https://experienceleague.adobe.com/docs/journey-optimizer/using/offer-decisioniong/api-reference/offers-api/personalized-offers/lookup.html,https://experienceleague.adobe.com/docs/journey-optimizer/using/offer-decisioning/api-reference/offers-api/personalized-offers/lookup.html
https://experienceleague.adobe.com/docs/journey-optimizer/using/offer-decisioniong/api-reference/offers-api/personalized-offers/create.html,https://experienceleague.adobe.com/docs/journey-optimizer/using/offer-decisioning/api-reference/offers-api/personalized-offers/create.html
https://experienceleague.adobe.com/docs/journey-optimizer/using/offer-decisioniong/api-reference/offers-api/personalized-offers/update.html,https://experienceleague.adobe.com/docs/journey-optimizer/using/offer-decisioning/api-reference/offers-api/personalized-offers/update.html
https://experienceleague.adobe.com/docs/journey-optimizer/using/offer-decisioniong/api-reference/offers-api/personalized-offers/delete.html,https://experienceleague.adobe.com/docs/journey-optimizer/using/offer-decisioning/api-reference/offers-api/personalized-offers/delete.html
https://experienceleague.adobe.com/docs/journey-optimizer/using/offer-decisioniong/api-reference/offers-api/collections/collections-list.html,https://experienceleague.adobe.com/docs/journey-optimizer/using/offer-decisioning/api-reference/offers-api/collections/collections-list.html
https://experienceleague.adobe.com/docs/journey-optimizer/using/offer-decisioniong/api-reference/offers-api/collections/lookup.html,https://experienceleague.adobe.com/docs/journey-optimizer/using/offer-decisioning/api-reference/offers-api/collections/lookup.html
https://experienceleague.adobe.com/docs/journey-optimizer/using/offer-decisioniong/api-reference/offers-api/collections/create.html,https://experienceleague.adobe.com/docs/journey-optimizer/using/offer-decisioning/api-reference/offers-api/collections/create.html
https://experienceleague.adobe.com/docs/journey-optimizer/using/offer-decisioniong/api-reference/offers-api/collections/update.html,https://experienceleague.adobe.com/docs/journey-optimizer/using/offer-decisioning/api-reference/offers-api/collections/update.html
https://experienceleague.adobe.com/docs/journey-optimizer/using/offer-decisioniong/api-reference/offers-api/collections/delete.html,https://experienceleague.adobe.com/docs/journey-optimizer/using/offer-decisioning/api-reference/offers-api/collections/delete.html
https://experienceleague.adobe.com/docs/journey-optimizer/using/offer-decisioniong/api-reference/offers-api/fallback-offers/fallback-list.html,https://experienceleague.adobe.com/docs/journey-optimizer/using/offer-decisioning/api-reference/offers-api/fallback-offers/fallback-list.html
https://experienceleague.adobe.com/docs/journey-optimizer/using/offer-decisioniong/api-reference/offers-api/fallback-offers/lookup.html,https://experienceleague.adobe.com/docs/journey-optimizer/using/offer-decisioning/api-reference/offers-api/fallback-offers/lookup.html
https://experienceleague.adobe.com/docs/journey-optimizer/using/offer-decisioniong/api-reference/offers-api/fallback-offers/create.html,https://experienceleague.adobe.com/docs/journey-optimizer/using/offer-decisioning/api-reference/offers-api/fallback-offers/create.html
https://experienceleague.adobe.com/docs/journey-optimizer/using/offer-decisioniong/api-reference/offers-api/fallback-offers/update.html,https://experienceleague.adobe.com/docs/journey-optimizer/using/offer-decisioning/api-reference/offers-api/fallback-offers/update.html
https://experienceleague.adobe.com/docs/journey-optimizer/using/offer-decisioniong/api-reference/offers-api/fallback-offers/delete.html,https://experienceleague.adobe.com/docs/journey-optimizer/using/offer-decisioning/api-reference/offers-api/fallback-offers/delete.html
https://experienceleague.adobe.com/docs/journey-optimizer/using/offer-decisioniong/api-reference/activities-api/activities-list.html,https://experienceleague.adobe.com/docs/journey-optimizer/using/offer-decisioning/api-reference/activities-api/activities-list.html
https://experienceleague.adobe.com/docs/journey-optimizer/using/offer-decisioniong/api-reference/activities-api/lookup.html,https://experienceleague.adobe.com/docs/journey-optimizer/using/offer-decisioning/api-reference/activities-api/lookup.html
https://experienceleague.adobe.com/docs/journey-optimizer/using/offer-decisioniong/api-reference/activities-api/create.html,https://experienceleague.adobe.com/docs/journey-optimizer/using/offer-decisioning/api-reference/activities-api/create.html
https://experienceleague.adobe.com/docs/journey-optimizer/using/offer-decisioniong/api-reference/activities-api/update.html,https://experienceleague.adobe.com/docs/journey-optimizer/using/offer-decisioning/api-reference/activities-api/update.html
https://experienceleague.adobe.com/docs/journey-optimizer/using/offer-decisioniong/api-reference/activities-api/delete.html,https://experienceleague.adobe.com/docs/journey-optimizer/using/offer-decisioning/api-reference/activities-api/delete.html
https://experienceleague.adobe.com/docs/journey-optimizer/using/offer-decisioniong/api-reference/offer-delivery-api/start-offer-delivery-apis.html,https://experienceleague.adobe.com/docs/journey-optimizer/using/offer-decisioning/api-reference/offer-delivery-api/start-offer-delivery-apis.html
https://experienceleague.adobe.com/docs/journey-optimizer/using/offer-decisioniong/api-reference/offer-delivery-api/decisioning-api.html,https://experienceleague.adobe.com/docs/journey-optimizer/using/offer-decisioning/api-reference/offer-delivery-api/decisioning-api.html
https://experienceleague.adobe.com/docs/journey-optimizer/using/offer-decisioniong/api-reference/offer-delivery-api/edge-decisioning-api.html,https://experienceleague.adobe.com/docs/journey-optimizer/using/offer-decisioning/api-reference/offer-delivery-api/edge-decisioning-api.html
https://experienceleague.adobe.com/docs/journey-optimizer/using/offer-decisioniong/api-reference/offer-delivery-api/batch-decisioning-api.html,https://experienceleague.adobe.com/docs/journey-optimizer/using/offer-decisioning/api-reference/offer-delivery-api/batch-decisioning-api.html
https://experienceleague.adobe.com/docs/journey-optimizer/using/get-started/configuration/message-presets.html,https://experienceleague.adobe.com/docs/journey-optimizer/using/configuration/configuration-message/set-up-channels/channel-surfaces.html
https://experienceleague.adobe.com/docs/journey-optimizer/using/configuration/configuration-message/set-up-message-presets/message-presets.html,https://experienceleague.adobe.com/docs/journey-optimizer/using/configuration/configuration-message/set-up-channels/channel-surfaces.html
https://experienceleague.adobe.com/docs/offer-decisioning/using/create-offer-activities.html,https://experienceleague.adobe.com/docs/offer-decisioning/using/create-manage-activities/create-offer-activities.html
https://experienceleague.adobe.com/docs/offer-decisioning/using/configure-offer-selection.html,https://experienceleague.adobe.com/docs/offer-decisioning/using/create-manage-activities/configure-offer-selection.html
https://experienceleague.adobe.com/docs/offer-decisioning/using/managing-offers-in-the-offer-library/creating-placements.html,https://experienceleague.adobe.com/docs/offer-decisioning/using/create-components/creating-placements.html
https://experienceleague.adobe.com/docs/offer-decisioning/using/managing-offers-in-the-offer-library/creating-decision-rules.html,https://experienceleague.adobe.com/docs/offer-decisioning/using/create-components/creating-decision-rules.html
https://experienceleague.adobe.com/docs/offer-decisioning/using/managing-offers-in-the-offer-library/creating-tags.html,https://experienceleague.adobe.com/docs/offer-decisioning/using/create-components/creating-tags.html
https://experienceleague.adobe.com/docs/offer-decisioning/using/managing-offers-in-the-offer-library/create-ranking-formulas.html,https://experienceleague.adobe.com/docs/offer-decisioning/using/create-components/create-ranking-formulas.html
https://experienceleague.adobe.com/docs/offer-decisioning/using/offer-decisioning-home.html,https://experienceleague.adobe.com/docs/journey-optimizer/using/offer-decisioniong/get-started/starting-offer-decisioning.html
https://experienceleague.adobe.com/docs/offer-decisioning/using/new/release-notes.html,https://experienceleague.adobe.com/docs/journey-optimizer/using/whats-new/release-notes.html
https://experienceleague.adobe.com/docs/offer-decisioning/using/new/documentation-updates.html,https://experienceleague.adobe.com/docs/journey-optimizer/using/whats-new/documentation-updates.html
https://experienceleague.adobe.com/docs/offer-decisioning/using/get-started/starting-offer-decisioning.html,https://experienceleague.adobe.com/docs/journey-optimizer/using/offer-decisioniong/get-started/starting-offer-decisioning.html
https://experienceleague.adobe.com/docs/offer-decisioning/using/get-started/user-interface.html,https://experienceleague.adobe.com/docs/journey-optimizer/using/offer-decisioniong/get-started/user-interface.html
https://experienceleague.adobe.com/docs/offer-decisioning/using/get-started/glossary.html,https://experienceleague.adobe.com/docs/journey-optimizer/using/offer-decisioniong/get-started/starting-offer-decisioning.html
https://experienceleague.adobe.com/docs/offer-decisioning/using/get-started/granting-access-to-offer-decisioning.html,https://experienceleague.adobe.com/docs/journey-optimizer/using/offer-decisioniong/get-started/starting-offer-decisioning.html
https://experienceleague.adobe.com/docs/offer-decisioning/using/get-started/key-steps.html,https://experienceleague.adobe.com/docs/journey-optimizer/using/offer-decisioniong/get-started-decision/key-steps.html
https://experienceleague.adobe.com/docs/offer-decisioning/using/create-components/creating-placements.html,https://experienceleague.adobe.com/docs/journey-optimizer/using/offer-decisioniong/create-components/creating-placements.html
https://experienceleague.adobe.com/docs/offer-decisioning/using/create-components/creating-decision-rules.html,https://experienceleague.adobe.com/docs/journey-optimizer/using/offer-decisioniong/create-components/creating-decision-rules.html
https://experienceleague.adobe.com/docs/offer-decisioning/using/create-components/creating-tags.html,https://experienceleague.adobe.com/docs/journey-optimizer/using/offer-decisioniong/create-components/creating-tags.html
https://experienceleague.adobe.com/docs/offer-decisioning/using/create-components/create-ranking-formulas.html,https://experienceleague.adobe.com/docs/journey-optimizer/using/offer-decisioniong/create-components/create-ranking-formulas.html
https://experienceleague.adobe.com/docs/offer-decisioning/using/create-components/create-ranking-strategies.html,https://experienceleague.adobe.com/docs/journey-optimizer/using/offer-decisioniong/create-components/create-ranking-strategies.html
https://experienceleague.adobe.com/docs/offer-decisioning/using/managing-offers-in-the-offer-library/creating-personalized-offers.html,https://experienceleague.adobe.com/docs/journey-optimizer/using/offer-decisioniong/managing-offers-in-the-offer-library/creating-personalized-offers.html
https://experienceleague.adobe.com/docs/offer-decisioning/using/managing-offers-in-the-offer-library/creating-fallback-offers.html,https://experienceleague.adobe.com/docs/journey-optimizer/using/offer-decisioniong/managing-offers-in-the-offer-library/creating-fallback-offers.html
https://experienceleague.adobe.com/docs/offer-decisioning/using/managing-offers-in-the-offer-library/creating-collections.html,https://experienceleague.adobe.com/docs/journey-optimizer/using/offer-decisioniong/managing-offers-in-the-offer-library/creating-collections.html
https://experienceleague.adobe.com/docs/offer-decisioning/using/create-manage-activities/create-offer-activities.html,https://experienceleague.adobe.com/docs/journey-optimizer/using/offer-decisioniong/create-manage-activities/create-offer-activities.html
https://experienceleague.adobe.com/docs/offer-decisioning/using/create-manage-activities/configure-offer-selection.html,https://experienceleague.adobe.com/docs/journey-optimizer/using/offer-decisioniong/create-manage-activities/configure-offer-selection.html
https://experienceleague.adobe.com/docs/offer-decisioning/using/create-reports/get-started-events.html,https://experienceleague.adobe.com/docs/journey-optimizer/using/offer-decisioniong/create-reports/get-started-events.html
https://experienceleague.adobe.com/docs/offer-decisioning/using/create-reports/key-information.html,https://experienceleague.adobe.com/docs/journey-optimizer/using/offer-decisioniong/create-reports/key-information.html
https://experienceleague.adobe.com/docs/offer-decisioning/using/create-reports/xdm-fields.html,https://experienceleague.adobe.com/docs/journey-optimizer/using/offer-decisioniong/create-reports/xdm-fields.html
https://experienceleague.adobe.com/docs/offer-decisioning/using/export-catalog/get-started-export.html,https://experienceleague.adobe.com/docs/journey-optimizer/using/offer-decisioniong/export-catalog/get-started-export.html
https://experienceleague.adobe.com/docs/offer-decisioning/using/export-catalog/access-dataset.html,https://experienceleague.adobe.com/docs/journey-optimizer/using/offer-decisioniong/export-catalog/access-dataset.html
https://experienceleague.adobe.com/docs/offer-decisioning/using/export-catalog/export-offers.html,https://experienceleague.adobe.com/docs/journey-optimizer/using/offer-decisioniong/export-catalog/export-offers.html
https://experienceleague.adobe.com/docs/offer-decisioning/using/export-catalog/export-decisions.html,https://experienceleague.adobe.com/docs/journey-optimizer/using/offer-decisioniong/export-catalog/export-decisions.html
https://experienceleague.adobe.com/docs/offer-decisioning/using/export-catalog/export-placements.html,https://experienceleague.adobe.com/docs/journey-optimizer/using/offer-decisioniong/export-catalog/export-placements.html
https://experienceleague.adobe.com/docs/offer-decisioning/using/export-catalog/export-fallback.html,https://experienceleague.adobe.com/docs/journey-optimizer/using/offer-decisioniong/export-catalog/export-fallback.html
https://experienceleague.adobe.com/docs/offer-decisioning/using/api-reference/getting-started.html,https://experienceleague.adobe.com/docs/journey-optimizer/using/offer-decisioniong/api-reference/getting-started.html
https://experienceleague.adobe.com/docs/offer-decisioning/using/api-reference/diagnostics.html,https://experienceleague.adobe.com/docs/journey-optimizer/using/offer-decisioniong/api-reference/diagnostics.html
https://experienceleague.adobe.com/docs/offer-decisioning/using/api-reference/offers-api/placements/list.html,https://experienceleague.adobe.com/docs/journey-optimizer/using/offer-decisioniong/api-reference/offers-api/placements/placements-list.html
https://experienceleague.adobe.com/docs/offer-decisioning/using/api-reference/offers-api/placements/lookup.html,https://experienceleague.adobe.com/docs/journey-optimizer/using/offer-decisioniong/api-reference/offers-api/placements/lookup.html
https://experienceleague.adobe.com/docs/offer-decisioning/using/api-reference/offers-api/placements/create.html,https://experienceleague.adobe.com/docs/journey-optimizer/using/offer-decisioniong/api-reference/offers-api/placements/create.html
https://experienceleague.adobe.com/docs/offer-decisioning/using/api-reference/offers-api/placements/update.html,https://experienceleague.adobe.com/docs/journey-optimizer/using/offer-decisioniong/api-reference/offers-api/placements/update.html
https://experienceleague.adobe.com/docs/offer-decisioning/using/api-reference/offers-api/placements/delete.html,https://experienceleague.adobe.com/docs/journey-optimizer/using/offer-decisioniong/api-reference/offers-api/placements/delete.html
https://experienceleague.adobe.com/docs/offer-decisioning/using/api-reference/offers-api/decision-rules/list.html,https://experienceleague.adobe.com/docs/journey-optimizer/using/offer-decisioning/api-reference/offers-api/decisions-api/activities-list.html
https://experienceleague.adobe.com/docs/offer-decisioning/using/api-reference/offers-api/decision-rules/lookup.html,https://experienceleague.adobe.com/docs/journey-optimizer/using/offer-decisioniong/api-reference/offers-api/decision-rules/lookup.html
https://experienceleague.adobe.com/docs/offer-decisioning/using/api-reference/offers-api/decision-rules/create.html,https://experienceleague.adobe.com/docs/journey-optimizer/using/offer-decisioniong/api-reference/offers-api/decision-rules/create.html
https://experienceleague.adobe.com/docs/offer-decisioning/using/api-reference/offers-api/decision-rules/update.html,https://experienceleague.adobe.com/docs/journey-optimizer/using/offer-decisioniong/api-reference/offers-api/decision-rules/update.html
https://experienceleague.adobe.com/docs/offer-decisioning/using/api-reference/offers-api/decision-rules/delete.html,https://experienceleague.adobe.com/docs/journey-optimizer/using/offer-decisioniong/api-reference/offers-api/decision-rules/delete.html
https://experienceleague.adobe.com/docs/offer-decisioning/using/api-reference/offers-api/tags/list.html,https://experienceleague.adobe.com/docs/journey-optimizer/using/offer-decisioning/api-reference/offers-api/tags/tags-list.html
https://experienceleague.adobe.com/docs/offer-decisioning/using/api-reference/offers-api/tags/lookup.html,https://experienceleague.adobe.com/docs/journey-optimizer/using/offer-decisioniong/api-reference/offers-api/tags/lookup.html
https://experienceleague.adobe.com/docs/offer-decisioning/using/api-reference/offers-api/tags/create.html,https://experienceleague.adobe.com/docs/journey-optimizer/using/offer-decisioniong/api-reference/offers-api/tags/create.html
https://experienceleague.adobe.com/docs/offer-decisioning/using/api-reference/offers-api/tags/update.html,https://experienceleague.adobe.com/docs/journey-optimizer/using/offer-decisioniong/api-reference/offers-api/tags/update.html
https://experienceleague.adobe.com/docs/offer-decisioning/using/api-reference/offers-api/tags/delete.html,https://experienceleague.adobe.com/docs/journey-optimizer/using/offer-decisioniong/api-reference/offers-api/tags/delete.html
https://experienceleague.adobe.com/docs/offer-decisioning/using/api-reference/offers-api/personalized-offers/list.html,https://experienceleague.adobe.com/docs/journey-optimizer/using/offer-decisioniong/api-reference/offers-api/personalized-offers/list.html
https://experienceleague.adobe.com/docs/offer-decisioning/using/api-reference/offers-api/personalized-offers/lookup.html,https://experienceleague.adobe.com/docs/journey-optimizer/using/offer-decisioniong/api-reference/offers-api/personalized-offers/lookup.html
https://experienceleague.adobe.com/docs/offer-decisioning/using/api-reference/offers-api/personalized-offers/create.html,https://experienceleague.adobe.com/docs/journey-optimizer/using/offer-decisioniong/api-reference/offers-api/personalized-offers/create.html
https://experienceleague.adobe.com/docs/offer-decisioning/using/api-reference/offers-api/personalized-offers/update.html,https://experienceleague.adobe.com/docs/journey-optimizer/using/offer-decisioniong/api-reference/offers-api/personalized-offers/update.html
https://experienceleague.adobe.com/docs/offer-decisioning/using/api-reference/offers-api/personalized-offers/delete.html,https://experienceleague.adobe.com/docs/journey-optimizer/using/offer-decisioniong/api-reference/offers-api/personalized-offers/delete.html
https://experienceleague.adobe.com/docs/offer-decisioning/using/api-reference/offers-api/collections/list.html,https://experienceleague.adobe.com/docs/journey-optimizer/using/offer-decisioning/api-reference/offers-api/collections/collections-list.html
https://experienceleague.adobe.com/docs/offer-decisioning/using/api-reference/offers-api/collections/lookup.html,https://experienceleague.adobe.com/docs/journey-optimizer/using/offer-decisioniong/api-reference/offers-api/collections/lookup.html
https://experienceleague.adobe.com/docs/offer-decisioning/using/api-reference/offers-api/collections/create.html,https://experienceleague.adobe.com/docs/journey-optimizer/using/offer-decisioniong/api-reference/offers-api/collections/create.html
https://experienceleague.adobe.com/docs/offer-decisioning/using/api-reference/offers-api/collections/update.html,https://experienceleague.adobe.com/docs/journey-optimizer/using/offer-decisioniong/api-reference/offers-api/collections/update.html
https://experienceleague.adobe.com/docs/offer-decisioning/using/api-reference/offers-api/collections/delete.html,https://experienceleague.adobe.com/docs/journey-optimizer/using/offer-decisioniong/api-reference/offers-api/collections/delete.html
https://experienceleague.adobe.com/docs/offer-decisioning/using/api-reference/offers-api/fallback-offers/list.html,https://experienceleague.adobe.com/docs/journey-optimizer/using/offer-decisioning/api-reference/offers-api/fallback-offers/fallback-list.html
https://experienceleague.adobe.com/docs/offer-decisioning/using/api-reference/offers-api/fallback-offers/lookup.html,https://experienceleague.adobe.com/docs/journey-optimizer/using/offer-decisioniong/api-reference/offers-api/fallback-offers/lookup.html
https://experienceleague.adobe.com/docs/offer-decisioning/using/api-reference/offers-api/fallback-offers/create.html,https://experienceleague.adobe.com/docs/journey-optimizer/using/offer-decisioniong/api-reference/offers-api/fallback-offers/create.html
https://experienceleague.adobe.com/docs/offer-decisioning/using/api-reference/offers-api/fallback-offers/update.html,https://experienceleague.adobe.com/docs/journey-optimizer/using/offer-decisioniong/api-reference/offers-api/fallback-offers/update.html
https://experienceleague.adobe.com/docs/offer-decisioning/using/api-reference/offers-api/fallback-offers/delete.html,https://experienceleague.adobe.com/docs/journey-optimizer/using/offer-decisioniong/api-reference/offers-api/fallback-offers/delete.html
https://experienceleague.adobe.com/docs/offer-decisioning/using/api-reference/activities-api/list.html,https://experienceleague.adobe.com/docs/journey-optimizer/using/offer-decisioniong/api-reference/activities-api/list.html
https://experienceleague.adobe.com/docs/offer-decisioning/using/api-reference/activities-api/lookup.html,https://experienceleague.adobe.com/docs/journey-optimizer/using/offer-decisioniong/api-reference/activities-api/lookup.html
https://experienceleague.adobe.com/docs/offer-decisioning/using/api-reference/activities-api/create.html,https://experienceleague.adobe.com/docs/journey-optimizer/using/offer-decisioniong/api-reference/activities-api/create.html
https://experienceleague.adobe.com/docs/offer-decisioning/using/api-reference/activities-api/update.html,https://experienceleague.adobe.com/docs/journey-optimizer/using/offer-decisioniong/api-reference/activities-api/update.html
https://experienceleague.adobe.com/docs/offer-decisioning/using/api-reference/activities-api/delete.html,https://experienceleague.adobe.com/docs/journey-optimizer/using/offer-decisioniong/api-reference/activities-api/delete.html
https://experienceleague.adobe.com/docs/offer-decisioning/using/api-reference/offer-delivery/deliver-offers.html,https://experienceleague.adobe.com/docs/journey-optimizer/using/offer-decisioniong/api-reference/offer-delivery/deliver-offers.html
https://experienceleague.adobe.com/docs/offer-decisioning/using/api-reference/offer-delivery/web-sdk.html,https://experienceleague.adobe.com/docs/journey-optimizer/using/offer-decisioniong/api-reference/offer-delivery/web-sdk.html
https://experienceleague.adobe.com/docs/journey-optimizer/using/offer-decisioniong/api-reference/offer-delivery-api/decisioning-vs-edge-apis.html,https://experienceleague.adobe.com/docs/journey-optimizer/using/offer-decisioning/api-reference/offer-delivery-api/start-offer-delivery-apis.html
https://experienceleague.adobe.com/docs/journey-optimizer/using/configuration/configuration-message/set-up-message-presets/email-settings.html,https://experienceleague.adobe.com/docs/journey-optimizer/using/configuration/configuration-message/archiving-support.html
https://experienceleague.adobe.com/docs/journey-optimizer/using/configuration/configuration-message/set-up-channels/bcc-email.html,https://experienceleague.adobe.com/docs/journey-optimizer/using/configuration/configuration-message/archiving-support.html
https://experienceleague.adobe.com/docs/journey-optimizer/using/messages/get-started-content.html,https://experienceleague.adobe.com/docs/journey-optimizer/using/messages/get-started-msg/get-started-content.html
https://experienceleague.adobe.com/docs/journey-optimizer/using/messages/messages-in-campaigns.html,https://experienceleague.adobe.com/docs/journey-optimizer/using/messages/get-started-msg/messages-in-campaigns.html
https://experienceleague.adobe.com/docs/journey-optimizer/using/messages/consent.html,https://experienceleague.adobe.com/docs/journey-optimizer/using/privacy/opt-out.html
https://experienceleague.adobe.com/docs/journey-optimizer/using/orchestrate-journeys/about-journeys/journey.html,https://experienceleague.adobe.com/docs/journey-optimizer/using/orchestrate-journeys/journey.html
https://experienceleague.adobe.com/docs/journey-optimizer/using/orchestrate-journeys/about-journeys/journey-end.html,https://experienceleague.adobe.com/docs/journey-optimizer/using/orchestrate-journeys/journey.html
https://experienceleague.adobe.com/docs/journey-optimizer/using/orchestrate-journeys/about-journeys/journey-versions.html,https://experienceleague.adobe.com/docs/journey-optimizer/using/orchestrate-journeys/journey.html
https://experienceleague.adobe.com/docs/journey-optimizer/using/reporting/message-tracking.html,https://experienceleague.adobe.com/docs/journey-optimizer/using/email/design-email/add-content/message-tracking.html
https://experienceleague.adobe.com/docs/journey-optimizer/using/create-messages/assets-essentials.html,https://experienceleague.adobe.com/docs/journey-optimizer/using/email/design-email/add-content/manage-asset/assets-essentials.html
https://experienceleague.adobe.com/docs/journey-optimizer/using/configuration/configuration-message/push-config/push-gs.html,https://experienceleague.adobe.com/docs/journey-optimizer/using/push/push-config/push-gs.html
https://experienceleague.adobe.com/docs/journey-optimizer/using/configuration/configuration-message/push-config/push-configuration.html,https://experienceleague.adobe.com/docs/journey-optimizer/using/push/push-config/push-configuration.html
https://experienceleague.adobe.com/docs/journey-optimizer/using/messages/messages-in-journeys.html,https://experienceleague.adobe.com/docs/journey-optimizer/using/orchestrate-journeys/about-journey-building/journeys-message.html
https://experienceleague.adobe.com/docs/journey-optimizer/using/configuration/configuration-message/email-configuration/delegate-subdomains/delegate-subdomain.html,https://experienceleague.adobe.com/docs/journey-optimizer/using/configuration/delegate-subdomains/delegate-subdomain.html
https://experienceleague.adobe.com/docs/journey-optimizer/using/messages/create-direct-mail.html,https://experienceleague.adobe.com/docs/journey-optimizer/using/direct-mail/create-direct-mail.html
https://experienceleague.adobe.com/docs/journey-optimizer/using/configuration/configuration-message/direct-mail-configuration.html,https://experienceleague.adobe.com/docs/journey-optimizer/using/direct-mail/direct-mail-configuration.html
https://experienceleague.adobe.com/docs/journey-optimizer/using/orchestrate-journeys/mannage-journey/tags.html,https://experienceleague.adobe.com/docs/journey-optimizer/using/orchestrate-journeys/manage-journey/tags.html
https://experienceleague.adobe.com/docs/journey-optimizer/using/orchestrate-journeys/mannage-journey/end-journey.html,https://experienceleague.adobe.com/docs/journey-optimizer/using/orchestrate-journeys/manage-journey/end-journey.html
https://experienceleague.adobe.com/docs/journey-optimizer/using/orchestrate-journeys/mannage-journey/timezone-management.html,https://experienceleague.adobe.com/docs/journey-optimizer/using/orchestrate-journeys/manage-journey/timezone-management.html
https://experienceleague.adobe.com/docs/journey-optimizer/using/orchestrate-journeys/mannage-journey/entry-management.html,https://experienceleague.adobe.com/docs/journey-optimizer/using/orchestrate-journeys/manage-journey/entry-management.html
https://experienceleague.adobe.com/docs/journey-optimizer/using/orchestrate-journeys/mannage-journey/copy-to-sandbox.html,https://experienceleague.adobe.com/docs/journey-optimizer/using/orchestrate-journeys/manage-journey/copy-to-sandbox.html
https://experienceleague.adobe.com/docs/journey-optimizer/using/orchestrate-journeys/mannage-journey/troubleshooting.html,https://experienceleague.adobe.com/docs/journey-optimizer/using/orchestrate-journeys/manage-journey/troubleshooting.html
https://experienceleague.adobe.com/docs/journey-optimizer/using/orchestrate-journeys/mannage-journey/ai-services-overview.html,https://experienceleague.adobe.com/docs/journey-optimizer/using/orchestrate-journeys/manage-journey/ai-services-overview.html
https://experienceleague.adobe.com/docs/journey-optimizer/using/offer-decisioning/create-reports/key-information.html,https://experienceleague.adobe.com/docs/journey-optimizer/using/offer-decisioning/create-reports/get-started-events.html
https://experienceleague.adobe.com/docs/journey-optimizer/using/access-control/ootb-product-profiles.html,https://experienceleague.adobe.com/docs/journey-optimizer/using/access-control/privacy/ootb-product-profiles.html
https://experienceleague.adobe.com/docs/journey-optimizer/using/segment/segments/about-segments.html,https://experienceleague.adobe.com/docs/journey-optimizer/using/audiences-profiles-identities/audiences/about-audiences.html
https://experienceleague.adobe.com/docs/journey-optimizer/using/segment/segments/access-audiences.html,https://experienceleague.adobe.com/docs/journey-optimizer/using/audiences-profiles-identities/audiences/access-audiences.html
https://experienceleague.adobe.com/docs/journey-optimizer/using/segment/segments/composition-canvas.html,https://experienceleague.adobe.com/docs/journey-optimizer/using/audiences-profiles-identities/composition-canvas.html
https://experienceleague.adobe.com/docs/journey-optimizer/using/segment/segments/create-compositions.html,https://experienceleague.adobe.com/docs/journey-optimizer/using/audiences-profiles-identities/create-compositions.html
https://experienceleague.adobe.com/docs/journey-optimizer/using/segment/segments/creating-a-segment.html,https://experienceleague.adobe.com/docs/journey-optimizer/using/audiences-profiles-identities/creating-a-segment-definition.html
https://experienceleague.adobe.com/docs/journey-optimizer/using/segment/segments/creating-test-profiles.html,https://experienceleague.adobe.com/docs/journey-optimizer/using/audiences-profiles-identities/creating-test-profiles.html
https://experienceleague.adobe.com/docs/journey-optimizer/using/segment/segments/get-started-audience-orchestration.html,https://experienceleague.adobe.com/docs/journey-optimizer/using/audiences-profiles-identities/get-started-audience-orchestration.html
https://experienceleague.adobe.com/docs/journey-optimizer/using/segment/segments/get-started-identity.html,https://experienceleague.adobe.com/docs/journey-optimizer/using/audiences-profiles-identities/get-started-identity.html
https://experienceleague.adobe.com/docs/journey-optimizer/using/segment/segments/get-started-profiles.html,https://experienceleague.adobe.com/docs/journey-optimizer/using/audiences-profiles-identities/get-started-profiles.html
https://experienceleague.adobe.com/docs/journey-optimizer/using/segment/segments/license-usage.html,https://experienceleague.adobe.com/docs/journey-optimizer/using/audiences-profiles-identities/license-usage.html
https://experienceleague.adobe.com/docs/journey-optimizer/using/orchestrate-journeys/about-journey-building/segment-qualification-events.html,https://experienceleague.adobe.com/docs/journey-optimizer/using/orchestrate-journeys/about-journey-building/audience-qualification-events.html
https://experienceleague.adobe.com/docs/journey-optimizer/using/orchestrate-journeys/about-journey-building/read-segment.html,https://experienceleague.adobe.com/docs/journey-optimizer/using/orchestrate-journeys/about-journey-building/read-audience.html
https://experienceleague.adobe.com/docs/journey-optimizer/using/segment/audience-orchestration/get-started-audience-orchestration.html,https://experienceleague.adobe.com/docs/journey-optimizer/using/audiences-profiles-identities/audiences/audience-orchestration/get-started-audience-orchestration.html
https://experienceleague.adobe.com/docs/journey-optimizer/using/segment/audience-orchestration/access-audiences.html,https://experienceleague.adobe.com/docs/journey-optimizer/using/audiences-profiles-identities/audiences/audience-orchestration/access-audiences.html
https://experienceleague.adobe.com/docs/journey-optimizer/using/segment/audience-orchestration/create-compositions.html,https://experienceleague.adobe.com/docs/journey-optimizer/using/audiences-profiles-identities/audiences/audience-orchestration/create-compositions.html
https://experienceleague.adobe.com/docs/journey-optimizer/using/segment/audience-orchestration/composition-canvas.html,https://experienceleague.adobe.com/docs/journey-optimizer/using/audiences-profiles-identities/audiences/audience-orchestration/composition-canvas.html
https://experienceleague.adobe.com/docs/journey-optimizer/using/personalized-dynamic-content/personalization/personalize.html,https://experienceleague.adobe.com/docs/journey-optimizer/using/personalization/personalize.html
https://experienceleague.adobe.com/docs/journey-optimizer/using/personalized-dynamic-content/personalization/personalization-contexts.html,https://experienceleague.adobe.com/docs/journey-optimizer/using/personalization/personalization-contexts.html
https://experienceleague.adobe.com/docs/journey-optimizer/using/personalized-dynamic-content/personalization/build-expressions/personalization-syntax.html,https://experienceleague.adobe.com/docs/journey-optimizer/using/personalization/build-expressions/personalization-syntax.html
https://experienceleague.adobe.com/docs/journey-optimizer/using/personalized-dynamic-content/personalization/build-expressions/expression-editor/personalization-build-expressions.html,https://experienceleague.adobe.com/docs/journey-optimizer/using/personalization/build-expressions/expression-editor/personalization-build-expressions.html
https://experienceleague.adobe.com/docs/journey-optimizer/using/personalized-dynamic-content/personalization/build-expressions/expression-editor/personalization-favorites.html,https://experienceleague.adobe.com/docs/journey-optimizer/using/personalization/build-expressions/expression-editor/personalization-favorites.html
https://experienceleague.adobe.com/docs/journey-optimizer/using/personalized-dynamic-content/personalization/build-expressions/expression-editor/personalization-library.html,https://experienceleague.adobe.com/docs/journey-optimizer/using/personalization/build-expressions/expression-editor/personalization-library.html
https://experienceleague.adobe.com/docs/journey-optimizer/using/personalized-dynamic-content/personalization/build-expressions/expression-editor/personalization-validation.html,https://experienceleague.adobe.com/docs/journey-optimizer/using/personalization/build-expressions/expression-editor/personalization-validation.html
https://experienceleague.adobe.com/docs/journey-optimizer/using/personalized-dynamic-content/personalization/build-expressions/functions/functions.html,https://experienceleague.adobe.com/docs/journey-optimizer/using/personalization/build-expressions/functions/functions.html
https://experienceleague.adobe.com/docs/journey-optimizer/using/personalized-dynamic-content/personalization/build-expressions/functions/arithmetic-functions.html,https://experienceleague.adobe.com/docs/journey-optimizer/using/personalization/build-expressions/functions/arithmetic-functions.html
https://experienceleague.adobe.com/docs/journey-optimizer/using/personalized-dynamic-content/personalization/build-expressions/functions/arrays-list.html,https://experienceleague.adobe.com/docs/journey-optimizer/using/personalization/build-expressions/functions/arrays-list.html
https://experienceleague.adobe.com/docs/journey-optimizer/using/personalized-dynamic-content/personalization/build-expressions/functions/dates.html,https://experienceleague.adobe.com/docs/journey-optimizer/using/personalization/build-expressions/functions/dates.html
https://experienceleague.adobe.com/docs/journey-optimizer/using/personalized-dynamic-content/personalization/build-expressions/functions/operators.html,https://experienceleague.adobe.com/docs/journey-optimizer/using/personalization/build-expressions/functions/operators.html
https://experienceleague.adobe.com/docs/journey-optimizer/using/personalized-dynamic-content/personalization/build-expressions/functions/helpers.html,https://experienceleague.adobe.com/docs/journey-optimizer/using/personalization/build-expressions/functions/helpers.html
https://experienceleague.adobe.com/docs/journey-optimizer/using/personalized-dynamic-content/personalization/build-expressions/functions/maps.html,https://experienceleague.adobe.com/docs/journey-optimizer/using/personalization/build-expressions/functions/maps.html
https://experienceleague.adobe.com/docs/journey-optimizer/using/personalized-dynamic-content/personalization/build-expressions/functions/math.html,https://experienceleague.adobe.com/docs/journey-optimizer/using/personalization/build-expressions/functions/math.html
https://experienceleague.adobe.com/docs/journey-optimizer/using/personalized-dynamic-content/personalization/build-expressions/functions/objects.html,https://experienceleague.adobe.com/docs/journey-optimizer/using/personalization/build-expressions/functions/objects.html
https://experienceleague.adobe.com/docs/journey-optimizer/using/personalized-dynamic-content/personalization/build-expressions/functions/string.html,https://experienceleague.adobe.com/docs/journey-optimizer/using/personalization/build-expressions/functions/string.html
https://experienceleague.adobe.com/docs/journey-optimizer/using/personalized-dynamic-content/personalization/personalization-use-cases/personalization-use-case.html,https://experienceleague.adobe.com/docs/journey-optimizer/using/personalization/personalization-use-cases/personalization-use-case.html
https://experienceleague.adobe.com/docs/journey-optimizer/using/personalized-dynamic-content/personalization/personalization-use-cases/personalization-use-case-helper-functions.html,https://experienceleague.adobe.com/docs/journey-optimizer/using/personalization/personalization-use-cases/personalization-use-case-helper-functions.html
https://experienceleague.adobe.com/docs/journey-optimizer/using/personalized-dynamic-content/dynamic/get-started-dynamic-content.html,https://experienceleague.adobe.com/docs/journey-optimizer/using/dynamic/get-started-dynamic-content.html
https://experienceleague.adobe.com/docs/journey-optimizer/using/personalized-dynamic-content/dynamic/create-conditions.html,https://experienceleague.adobe.com/docs/journey-optimizer/using/dynamic/create-conditions.html
https://experienceleague.adobe.com/docs/journey-optimizer/using/personalized-dynamic-content/dynamic/dynamic-content.html,https://experienceleague.adobe.com/docs/journey-optimizer/using/dynamic/dynamic-content.html
https://experienceleague.adobe.com/docs/journey-optimizer/using/configuration/ip-warmup.html,https://experienceleague.adobe.com/docs/journey-optimizer/using/configuration/implement-ip-warmup-plan/ip-warmup-gs.html
https://experienceleague.adobe.com/docs/journey-optimizer/using/personalization/build-expressions/functions/functions.html,https://experienceleague.adobe.com/docs/journey-optimizer/using/content-management/personalization/functions/functions.html
https://experienceleague.adobe.com/docs/journey-optimizer/using/email/design-email/add-content/manage-asset/assets-essentials.html,https://experienceleague.adobe.com/docs/journey-optimizer/using/content-management/assets-essentials.html
https://experienceleague.adobe.com/docs/journey-optimizer/using/web/author-web.html,https://experienceleague.adobe.com/docs/journey-optimizer/using/web/author-web-pages/edit-web-content.html
https://experienceleague.adobe.com/docs/journey-optimizer/using/email/content-templates.html,https://experienceleague.adobe.com/docs/journey-optimizer/using/content-management/reusable-content/content-templates.html
https://experienceleague.adobe.com/docs/journey-optimizer/using/email/fragments.html,https://experienceleague.adobe.com/docs/journey-optimizer/using/content-management/reusable-content/fragments.html
https://experienceleague.adobe.com/docs/journey-optimizer/using/content-management/personalization/expression-editor/personalization-library.html,https://experienceleague.adobe.com/docs/journey-optimizer/using/content-management/personalization/expression-editor/use-expression-fragments.html
https://experienceleague.adobe.com/docs/journey-optimizer/using/messages/get-started-msg/get-started-content.html,https://experienceleague.adobe.com/docs/journey-optimizer/using/email/get-started-email.html
https://experienceleague.adobe.com/docs/journey-optimizer/using/offer-decisioniong/api-reference/offers-api/fallback-offers/list.html,https://experienceleague.adobe.com/docs/journey-optimizer/using/offer-decisioning/api-reference/offers-api/fallback-offers/fallback-list.html
https://experienceleague.adobe.com/docs/journey-optimizer/using/offer-decisioniong/api-reference/offers-api/tags/list.html,https://experienceleague.adobe.com/docs/journey-optimizer/using/offer-decisioning/api-reference/offers-api/tags/tags-list.html
https://experienceleague.adobe.com/docs/journey-optimizer/using/offer-decisioniong/api-reference/offers-api/collections/list.html,https://experienceleague.adobe.com/docs/journey-optimizer/using/offer-decisioning/api-reference/offers-api/collections/collections-list.html
https://experienceleague.adobe.com/docs/journey-optimizer/using/offer-decisioniong/api-reference/offers-api/decision-rules/list.html,https://experienceleague.adobe.com/docs/journey-optimizer/using/offer-decisioning/api-reference/offers-api/decisions-api/activities-list.html



